<?xml version='1.0'?>
   <font>
       <info aa='1' size='50' smooth='1' stretchH='100' bold='0' padding='0,0,0,0' spacing='0,0' charset='' italic='0' unicode='0' face='04b'/>
       <common scaleW='448' packed='0' pages='1' lineHeight='52' scaleH='448' base='48'/>
       <pages>
            <page id='0' file='04b-hd.png'/>
       </pages>
        <chars count='95'>
            <char xadvance='42' x='20' chnl='0' yoffset='45' y='440' xoffset='0' id='32' page='0' height='0' width='0'/>
            <char xadvance='27' x='262' chnl='0' yoffset='3' y='326' xoffset='0' id='33' page='0' height='46' width='26'/>
            <char xadvance='42' x='98' chnl='0' yoffset='5' y='410' xoffset='0' id='34' page='0' height='26' width='40'/>
            <char xadvance='48' x='386' chnl='0' yoffset='3' y='98' xoffset='0' id='35' page='0' height='46' width='46'/>
            <char xadvance='42' x='14' chnl='0' yoffset='45' y='440' xoffset='0' id='36' page='0' height='4' width='4'/>
            <char xadvance='48' x='338' chnl='0' yoffset='3' y='98' xoffset='0' id='37' page='0' height='46' width='46'/>
            <char xadvance='42' x='8' chnl='0' yoffset='45' y='440' xoffset='0' id='38' page='0' height='4' width='4'/>
            <char xadvance='21' x='400' chnl='0' yoffset='5' y='278' xoffset='0' id='39' page='0' height='26' width='20'/>
            <char xadvance='30' x='326' chnl='0' yoffset='3' y='230' xoffset='0' id='40' page='0' height='46' width='28'/>
            <char xadvance='30' x='296' chnl='0' yoffset='3' y='230' xoffset='0' id='41' page='0' height='46' width='28'/>
            <char xadvance='27' x='290' chnl='0' yoffset='2' y='278' xoffset='0' id='42' page='0' height='26' width='26'/>
            <char xadvance='48' x='290' chnl='0' yoffset='3' y='98' xoffset='0' id='43' page='0' height='46' width='46'/>
            <char xadvance='21' x='378' chnl='0' yoffset='25' y='278' xoffset='0' id='44' page='0' height='26' width='20'/>
            <char xadvance='42' x='404' chnl='0' yoffset='17' y='188' xoffset='0' id='45' page='0' height='20' width='40'/>
            <char xadvance='21' x='262' chnl='0' yoffset='26' y='422' xoffset='0' id='46' page='0' height='20' width='20'/>
            <char xadvance='48' x='242' chnl='0' yoffset='3' y='98' xoffset='0' id='47' page='0' height='46' width='46'/>
            <char xadvance='48' x='194' chnl='0' yoffset='3' y='98' xoffset='0' id='48' page='0' height='46' width='46'/>
            <char xadvance='33' x='262' chnl='0' yoffset='3' y='230' xoffset='0' id='49' page='0' height='46' width='32'/>
            <char xadvance='48' x='146' chnl='0' yoffset='3' y='98' xoffset='0' id='50' page='0' height='46' width='46'/>
            <char xadvance='48' x='98' chnl='0' yoffset='3' y='98' xoffset='0' id='51' page='0' height='46' width='46'/>
            <char xadvance='48' x='50' chnl='0' yoffset='3' y='386' xoffset='0' id='52' page='0' height='46' width='46'/>
            <char xadvance='48' x='50' chnl='0' yoffset='3' y='338' xoffset='0' id='53' page='0' height='46' width='46'/>
            <char xadvance='48' x='50' chnl='0' yoffset='3' y='290' xoffset='0' id='54' page='0' height='46' width='46'/>
            <char xadvance='48' x='50' chnl='0' yoffset='3' y='242' xoffset='0' id='55' page='0' height='46' width='46'/>
            <char xadvance='48' x='50' chnl='0' yoffset='3' y='194' xoffset='0' id='56' page='0' height='46' width='46'/>
            <char xadvance='48' x='50' chnl='0' yoffset='3' y='146' xoffset='0' id='57' page='0' height='46' width='46'/>
            <char xadvance='21' x='382' chnl='0' yoffset='6' y='188' xoffset='0' id='58' page='0' height='40' width='20'/>
            <char xadvance='21' x='262' chnl='0' yoffset='5' y='374' xoffset='0' id='59' page='0' height='46' width='20'/>
            <char xadvance='33' x='228' chnl='0' yoffset='3' y='374' xoffset='0' id='60' page='0' height='46' width='32'/>
            <char xadvance='42' x='228' chnl='0' yoffset='6' y='188' xoffset='0' id='61' page='0' height='40' width='40'/>
            <char xadvance='33' x='228' chnl='0' yoffset='3' y='326' xoffset='0' id='62' page='0' height='46' width='32'/>
            <char xadvance='48' x='50' chnl='0' yoffset='3' y='98' xoffset='0' id='63' page='0' height='46' width='46'/>
            <char xadvance='42' x='2' chnl='0' yoffset='45' y='440' xoffset='0' id='64' page='0' height='4' width='4'/>
            <char xadvance='48' x='386' chnl='0' yoffset='3' y='50' xoffset='0' id='65' page='0' height='46' width='46'/>
            <char xadvance='48' x='338' chnl='0' yoffset='3' y='50' xoffset='0' id='66' page='0' height='46' width='46'/>
            <char xadvance='48' x='290' chnl='0' yoffset='3' y='50' xoffset='0' id='67' page='0' height='46' width='46'/>
            <char xadvance='48' x='242' chnl='0' yoffset='3' y='50' xoffset='0' id='68' page='0' height='46' width='46'/>
            <char xadvance='48' x='194' chnl='0' yoffset='3' y='50' xoffset='0' id='69' page='0' height='46' width='46'/>
            <char xadvance='48' x='146' chnl='0' yoffset='3' y='50' xoffset='0' id='70' page='0' height='46' width='46'/>
            <char xadvance='48' x='98' chnl='0' yoffset='3' y='50' xoffset='0' id='71' page='0' height='46' width='46'/>
            <char xadvance='48' x='50' chnl='0' yoffset='3' y='50' xoffset='0' id='72' page='0' height='46' width='46'/>
            <char xadvance='27' x='262' chnl='0' yoffset='3' y='278' xoffset='0' id='73' page='0' height='46' width='26'/>
            <char xadvance='48' x='394' chnl='0' yoffset='3' y='2' xoffset='0' id='74' page='0' height='46' width='46'/>
            <char xadvance='48' x='346' chnl='0' yoffset='3' y='2' xoffset='0' id='75' page='0' height='46' width='46'/>
            <char xadvance='45' x='98' chnl='0' yoffset='3' y='146' xoffset='0' id='76' page='0' height='46' width='44'/>
            <char xadvance='50' x='102' chnl='0' yoffset='3' y='2' xoffset='0' id='77' page='0' height='46' width='50'/>
            <char xadvance='48' x='298' chnl='0' yoffset='3' y='2' xoffset='0' id='78' page='0' height='46' width='46'/>
            <char xadvance='48' x='250' chnl='0' yoffset='3' y='2' xoffset='0' id='79' page='0' height='46' width='46'/>
            <char xadvance='48' x='202' chnl='0' yoffset='3' y='2' xoffset='0' id='80' page='0' height='46' width='46'/>
            <char xadvance='48' x='2' chnl='0' yoffset='2' y='2' xoffset='0' id='81' page='0' height='52' width='46'/>
            <char xadvance='48' x='154' chnl='0' yoffset='3' y='2' xoffset='0' id='82' page='0' height='46' width='46'/>
            <char xadvance='48' x='2' chnl='0' yoffset='3' y='392' xoffset='0' id='83' page='0' height='46' width='46'/>
            <char xadvance='48' x='2' chnl='0' yoffset='3' y='344' xoffset='0' id='84' page='0' height='46' width='46'/>
            <char xadvance='48' x='2' chnl='0' yoffset='3' y='296' xoffset='0' id='85' page='0' height='46' width='46'/>
            <char xadvance='48' x='2' chnl='0' yoffset='3' y='248' xoffset='0' id='86' page='0' height='46' width='46'/>
            <char xadvance='50' x='50' chnl='0' yoffset='3' y='2' xoffset='0' id='87' page='0' height='46' width='50'/>
            <char xadvance='48' x='2' chnl='0' yoffset='3' y='200' xoffset='0' id='88' page='0' height='46' width='46'/>
            <char xadvance='48' x='2' chnl='0' yoffset='3' y='152' xoffset='0' id='89' page='0' height='46' width='46'/>
            <char xadvance='48' x='2' chnl='0' yoffset='3' y='104' xoffset='0' id='90' page='0' height='46' width='46'/>
            <char xadvance='27' x='412' chnl='0' yoffset='3' y='230' xoffset='0' id='91' page='0' height='46' width='26'/>
            <char xadvance='48' x='2' chnl='0' yoffset='3' y='56' xoffset='0' id='92' page='0' height='46' width='46'/>
            <char xadvance='27' x='384' chnl='0' yoffset='3' y='230' xoffset='0' id='93' page='0' height='46' width='26'/>
            <char xadvance='30' x='348' chnl='0' yoffset='5' y='278' xoffset='0' id='94' page='0' height='20' width='28'/>
            <char xadvance='48' x='310' chnl='0' yoffset='29' y='188' xoffset='0' id='95' page='0' height='20' width='46'/>
            <char xadvance='30' x='318' chnl='0' yoffset='5' y='278' xoffset='0' id='96' page='0' height='20' width='28'/>
            <char xadvance='42' x='186' chnl='0' yoffset='9' y='398' xoffset='0' id='97' page='0' height='40' width='40'/>
            <char xadvance='42' x='186' chnl='0' yoffset='9' y='356' xoffset='0' id='98' page='0' height='40' width='40'/>
            <char xadvance='42' x='186' chnl='0' yoffset='9' y='314' xoffset='0' id='99' page='0' height='40' width='40'/>
            <char xadvance='42' x='186' chnl='0' yoffset='9' y='272' xoffset='0' id='100' page='0' height='40' width='40'/>
            <char xadvance='42' x='186' chnl='0' yoffset='9' y='230' xoffset='0' id='101' page='0' height='40' width='40'/>
            <char xadvance='42' x='186' chnl='0' yoffset='9' y='188' xoffset='0' id='102' page='0' height='40' width='40'/>
            <char xadvance='42' x='396' chnl='0' yoffset='9' y='146' xoffset='0' id='103' page='0' height='40' width='40'/>
            <char xadvance='42' x='354' chnl='0' yoffset='9' y='146' xoffset='0' id='104' page='0' height='40' width='40'/>
            <char xadvance='24' x='358' chnl='0' yoffset='9' y='188' xoffset='0' id='105' page='0' height='40' width='22'/>
            <char xadvance='42' x='312' chnl='0' yoffset='9' y='146' xoffset='0' id='106' page='0' height='40' width='40'/>
            <char xadvance='42' x='270' chnl='0' yoffset='9' y='146' xoffset='0' id='107' page='0' height='40' width='40'/>
            <char xadvance='39' x='270' chnl='0' yoffset='9' y='188' xoffset='0' id='108' page='0' height='40' width='38'/>
            <char xadvance='45' x='98' chnl='0' yoffset='9' y='284' xoffset='0' id='109' page='0' height='40' width='44'/>
            <char xadvance='42' x='228' chnl='0' yoffset='9' y='146' xoffset='0' id='110' page='0' height='40' width='40'/>
            <char xadvance='42' x='186' chnl='0' yoffset='9' y='146' xoffset='0' id='111' page='0' height='40' width='40'/>
            <char xadvance='42' x='144' chnl='0' yoffset='9' y='398' xoffset='0' id='112' page='0' height='40' width='40'/>
            <char xadvance='42' x='98' chnl='0' yoffset='8' y='194' xoffset='0' id='113' page='0' height='46' width='40'/>
            <char xadvance='42' x='144' chnl='0' yoffset='9' y='356' xoffset='0' id='114' page='0' height='40' width='40'/>
            <char xadvance='42' x='144' chnl='0' yoffset='9' y='314' xoffset='0' id='115' page='0' height='40' width='40'/>
            <char xadvance='42' x='144' chnl='0' yoffset='9' y='272' xoffset='0' id='116' page='0' height='40' width='40'/>
            <char xadvance='42' x='144' chnl='0' yoffset='9' y='230' xoffset='0' id='117' page='0' height='40' width='40'/>
            <char xadvance='42' x='144' chnl='0' yoffset='9' y='188' xoffset='0' id='118' page='0' height='40' width='40'/>
            <char xadvance='45' x='98' chnl='0' yoffset='9' y='242' xoffset='0' id='119' page='0' height='40' width='44'/>
            <char xadvance='42' x='144' chnl='0' yoffset='9' y='146' xoffset='0' id='120' page='0' height='40' width='40'/>
            <char xadvance='42' x='98' chnl='0' yoffset='9' y='368' xoffset='0' id='121' page='0' height='40' width='40'/>
            <char xadvance='42' x='98' chnl='0' yoffset='9' y='326' xoffset='0' id='122' page='0' height='40' width='40'/>
            <char xadvance='33' x='228' chnl='0' yoffset='3' y='278' xoffset='0' id='123' page='0' height='46' width='32'/>
            <char xadvance='27' x='356' chnl='0' yoffset='3' y='230' xoffset='0' id='124' page='0' height='46' width='26'/>
            <char xadvance='33' x='228' chnl='0' yoffset='3' y='230' xoffset='0' id='125' page='0' height='46' width='32'/>
            <char xadvance='30' x='228' chnl='0' yoffset='5' y='422' xoffset='0' id='126' page='0' height='20' width='28'/>
       </chars>
   </font>
