<font>
  <info face="font" size="72" bold="0" italic="0" charset="" unicode="" stretchH="100" smooth="1" aa="1" padding="2,2,2,2" spacing="0,0" outline="0"/>
  <common lineHeight="72" base="52" scaleW="417" scaleH="509" pages="1" packed="0"/>
  <pages>
    <page id="0" file="font.png"/>
  </pages>
  <chars count="94">
    <char id="33" x="2" y="2" width="14" height="48" xoffset="9" yoffset="9" xadvance="26" page="0" chnl="15"/>
    <char id="34" x="2" y="52" width="31" height="22" xoffset="9" yoffset="9" xadvance="43" page="0" chnl="15"/>
    <char id="35" x="18" y="2" width="48" height="48" xoffset="9" yoffset="9" xadvance="60" page="0" chnl="15"/>
    <char id="36" x="2" y="76" width="40" height="65" xoffset="9" yoffset="0" xadvance="51" page="0" chnl="15"/>
    <char id="37" x="2" y="143" width="48" height="48" xoffset="9" yoffset="9" xadvance="60" page="0" chnl="15"/>
    <char id="38" x="44" y="52" width="40" height="65" xoffset="9" yoffset="0" xadvance="51" page="0" chnl="15"/>
    <char id="39" x="44" y="119" width="14" height="22" xoffset="9" yoffset="9" xadvance="26" page="0" chnl="15"/>
    <char id="40" x="68" y="2" width="22" height="48" xoffset="9" yoffset="9" xadvance="34" page="0" chnl="15"/>
    <char id="41" x="2" y="193" width="22" height="48" xoffset="9" yoffset="9" xadvance="34" page="0" chnl="15"/>
    <char id="42" x="2" y="243" width="48" height="48" xoffset="9" yoffset="9" xadvance="60" page="0" chnl="15"/>
    <char id="43" x="26" y="193" width="48" height="48" xoffset="9" yoffset="9" xadvance="60" page="0" chnl="15"/>
    <char id="44" x="52" y="143" width="22" height="22" xoffset="0" yoffset="43" xadvance="26" page="0" chnl="15"/>
    <char id="45" x="60" y="119" width="31" height="14" xoffset="9" yoffset="26" xadvance="43" page="0" chnl="15"/>
    <char id="46" x="52" y="167" width="14" height="14" xoffset="0" yoffset="43" xadvance="17" page="0" chnl="15"/>
    <char id="47" x="86" y="52" width="31" height="48" xoffset="9" yoffset="9" xadvance="43" page="0" chnl="15"/>
    <char id="48" x="92" y="2" width="40" height="48" xoffset="9" yoffset="9" xadvance="51" page="0" chnl="15"/>
    <char id="49" x="2" y="293" width="31" height="48" xoffset="9" yoffset="9" xadvance="43" page="0" chnl="15"/>
    <char id="50" x="2" y="343" width="40" height="48" xoffset="9" yoffset="9" xadvance="51" page="0" chnl="15"/>
    <char id="51" x="35" y="293" width="40" height="48" xoffset="9" yoffset="9" xadvance="51" page="0" chnl="15"/>
    <char id="52" x="52" y="243" width="40" height="48" xoffset="9" yoffset="9" xadvance="51" page="0" chnl="15"/>
    <char id="53" x="76" y="135" width="40" height="48" xoffset="9" yoffset="9" xadvance="51" page="0" chnl="15"/>
    <char id="54" x="76" y="185" width="40" height="48" xoffset="9" yoffset="9" xadvance="51" page="0" chnl="15"/>
    <char id="55" x="2" y="393" width="40" height="48" xoffset="9" yoffset="9" xadvance="51" page="0" chnl="15"/>
    <char id="56" x="2" y="443" width="40" height="48" xoffset="9" yoffset="9" xadvance="51" page="0" chnl="15"/>
    <char id="57" x="44" y="343" width="40" height="48" xoffset="9" yoffset="9" xadvance="51" page="0" chnl="15"/>
    <char id="58" x="93" y="102" width="14" height="31" xoffset="0" yoffset="17" xadvance="17" page="0" chnl="15"/>
    <char id="59" x="77" y="293" width="22" height="40" xoffset="0" yoffset="17" xadvance="26" page="0" chnl="15"/>
    <char id="60" x="94" y="235" width="31" height="48" xoffset="9" yoffset="9" xadvance="43" page="0" chnl="15"/>
    <char id="61" x="109" y="102" width="31" height="31" xoffset="9" yoffset="17" xadvance="43" page="0" chnl="15"/>
    <char id="62" x="119" y="52" width="31" height="48" xoffset="9" yoffset="9" xadvance="43" page="0" chnl="15"/>
    <char id="63" x="134" y="2" width="40" height="48" xoffset="9" yoffset="9" xadvance="51" page="0" chnl="15"/>
    <char id="64" x="118" y="135" width="48" height="48" xoffset="9" yoffset="9" xadvance="60" page="0" chnl="15"/>
    <char id="65" x="118" y="185" width="40" height="48" xoffset="9" yoffset="9" xadvance="51" page="0" chnl="15"/>
    <char id="66" x="152" y="52" width="40" height="48" xoffset="9" yoffset="9" xadvance="51" page="0" chnl="15"/>
    <char id="67" x="176" y="2" width="40" height="48" xoffset="9" yoffset="9" xadvance="51" page="0" chnl="15"/>
    <char id="68" x="44" y="393" width="40" height="48" xoffset="9" yoffset="9" xadvance="51" page="0" chnl="15"/>
    <char id="69" x="44" y="443" width="31" height="48" xoffset="9" yoffset="9" xadvance="43" page="0" chnl="15"/>
    <char id="70" x="77" y="443" width="31" height="48" xoffset="9" yoffset="9" xadvance="43" page="0" chnl="15"/>
    <char id="71" x="86" y="335" width="40" height="48" xoffset="9" yoffset="9" xadvance="51" page="0" chnl="15"/>
    <char id="72" x="101" y="285" width="40" height="48" xoffset="9" yoffset="9" xadvance="51" page="0" chnl="15"/>
    <char id="73" x="127" y="235" width="14" height="48" xoffset="9" yoffset="9" xadvance="26" page="0" chnl="15"/>
    <char id="74" x="86" y="385" width="40" height="48" xoffset="9" yoffset="9" xadvance="51" page="0" chnl="15"/>
    <char id="75" x="110" y="435" width="40" height="48" xoffset="9" yoffset="9" xadvance="51" page="0" chnl="15"/>
    <char id="76" x="128" y="335" width="31" height="48" xoffset="9" yoffset="9" xadvance="43" page="0" chnl="15"/>
    <char id="77" x="128" y="385" width="48" height="48" xoffset="9" yoffset="9" xadvance="60" page="0" chnl="15"/>
    <char id="78" x="152" y="435" width="48" height="48" xoffset="9" yoffset="9" xadvance="60" page="0" chnl="15"/>
    <char id="79" x="143" y="235" width="40" height="48" xoffset="9" yoffset="9" xadvance="51" page="0" chnl="15"/>
    <char id="80" x="160" y="185" width="40" height="48" xoffset="9" yoffset="9" xadvance="51" page="0" chnl="15"/>
    <char id="81" x="168" y="102" width="40" height="57" xoffset="9" yoffset="9" xadvance="51" page="0" chnl="15"/>
    <char id="82" x="194" y="52" width="40" height="48" xoffset="9" yoffset="9" xadvance="51" page="0" chnl="15"/>
    <char id="83" x="218" y="2" width="40" height="48" xoffset="9" yoffset="9" xadvance="51" page="0" chnl="15"/>
    <char id="84" x="143" y="285" width="31" height="48" xoffset="9" yoffset="9" xadvance="43" page="0" chnl="15"/>
    <char id="85" x="161" y="335" width="40" height="48" xoffset="9" yoffset="9" xadvance="51" page="0" chnl="15"/>
    <char id="86" x="178" y="385" width="48" height="48" xoffset="9" yoffset="9" xadvance="60" page="0" chnl="15"/>
    <char id="87" x="176" y="285" width="48" height="48" xoffset="9" yoffset="9" xadvance="60" page="0" chnl="15"/>
    <char id="88" x="203" y="335" width="48" height="48" xoffset="9" yoffset="9" xadvance="60" page="0" chnl="15"/>
    <char id="89" x="185" y="235" width="48" height="48" xoffset="9" yoffset="9" xadvance="60" page="0" chnl="15"/>
    <char id="90" x="226" y="285" width="31" height="48" xoffset="9" yoffset="9" xadvance="43" page="0" chnl="15"/>
    <char id="91" x="202" y="161" width="22" height="48" xoffset="9" yoffset="9" xadvance="34" page="0" chnl="15"/>
    <char id="92" x="210" y="102" width="31" height="48" xoffset="9" yoffset="9" xadvance="43" page="0" chnl="15"/>
    <char id="93" x="236" y="52" width="22" height="48" xoffset="9" yoffset="9" xadvance="34" page="0" chnl="15"/>
    <char id="94" x="168" y="161" width="31" height="22" xoffset="9" yoffset="9" xadvance="43" page="0" chnl="15"/>
    <char id="95" x="2" y="493" width="40" height="14" xoffset="9" yoffset="51" xadvance="51" page="0" chnl="15"/>
    <char id="96" x="202" y="211" width="22" height="22" xoffset="9" yoffset="9" xadvance="34" page="0" chnl="15"/>
    <char id="97" x="202" y="435" width="40" height="48" xoffset="9" yoffset="9" xadvance="51" page="0" chnl="15"/>
    <char id="98" x="228" y="385" width="40" height="48" xoffset="9" yoffset="9" xadvance="51" page="0" chnl="15"/>
    <char id="99" x="253" y="335" width="40" height="48" xoffset="9" yoffset="9" xadvance="51" page="0" chnl="15"/>
    <char id="100" x="244" y="435" width="40" height="48" xoffset="9" yoffset="9" xadvance="51" page="0" chnl="15"/>
    <char id="101" x="270" y="385" width="31" height="48" xoffset="9" yoffset="9" xadvance="43" page="0" chnl="15"/>
    <char id="102" x="286" y="435" width="31" height="48" xoffset="9" yoffset="9" xadvance="43" page="0" chnl="15"/>
    <char id="103" x="226" y="152" width="40" height="48" xoffset="9" yoffset="9" xadvance="51" page="0" chnl="15"/>
    <char id="104" x="243" y="102" width="40" height="48" xoffset="9" yoffset="9" xadvance="51" page="0" chnl="15"/>
    <char id="105" x="235" y="202" width="14" height="48" xoffset="9" yoffset="9" xadvance="26" page="0" chnl="15"/>
    <char id="106" x="251" y="202" width="40" height="48" xoffset="9" yoffset="9" xadvance="51" page="0" chnl="15"/>
    <char id="107" x="268" y="152" width="40" height="48" xoffset="9" yoffset="9" xadvance="51" page="0" chnl="15"/>
    <char id="108" x="259" y="252" width="31" height="48" xoffset="9" yoffset="9" xadvance="43" page="0" chnl="15"/>
    <char id="109" x="292" y="252" width="48" height="48" xoffset="9" yoffset="9" xadvance="60" page="0" chnl="15"/>
    <char id="110" x="293" y="202" width="48" height="48" xoffset="9" yoffset="9" xadvance="60" page="0" chnl="15"/>
    <char id="111" x="295" y="302" width="40" height="48" xoffset="9" yoffset="9" xadvance="51" page="0" chnl="15"/>
    <char id="112" x="303" y="352" width="40" height="48" xoffset="9" yoffset="9" xadvance="51" page="0" chnl="15"/>
    <char id="113" x="342" y="252" width="40" height="57" xoffset="9" yoffset="9" xadvance="51" page="0" chnl="15"/>
    <char id="114" x="260" y="2" width="40" height="48" xoffset="9" yoffset="9" xadvance="51" page="0" chnl="15"/>
    <char id="115" x="260" y="52" width="40" height="48" xoffset="9" yoffset="9" xadvance="51" page="0" chnl="15"/>
    <char id="116" x="285" y="102" width="31" height="48" xoffset="9" yoffset="9" xadvance="43" page="0" chnl="15"/>
    <char id="117" x="310" y="152" width="40" height="48" xoffset="9" yoffset="9" xadvance="51" page="0" chnl="15"/>
    <char id="118" x="343" y="202" width="48" height="48" xoffset="9" yoffset="9" xadvance="60" page="0" chnl="15"/>
    <char id="119" x="302" y="2" width="48" height="48" xoffset="9" yoffset="9" xadvance="60" page="0" chnl="15"/>
    <char id="120" x="302" y="52" width="48" height="48" xoffset="9" yoffset="9" xadvance="60" page="0" chnl="15"/>
    <char id="121" x="318" y="102" width="48" height="48" xoffset="9" yoffset="9" xadvance="60" page="0" chnl="15"/>
    <char id="122" x="352" y="152" width="31" height="48" xoffset="9" yoffset="9" xadvance="43" page="0" chnl="15"/>
    <char id="123" x="352" y="2" width="31" height="48" xoffset="9" yoffset="9" xadvance="43" page="0" chnl="15"/>
    <char id="124" x="368" y="52" width="14" height="65" xoffset="9" yoffset="0" xadvance="26" page="0" chnl="15"/>
    <char id="125" x="384" y="52" width="31" height="48" xoffset="9" yoffset="9" xadvance="43" page="0" chnl="15"/>
    <char id="126" x="110" y="485" width="40" height="22" xoffset="9" yoffset="9" xadvance="51" page="0" chnl="15"/>
    <char id="32" x="0" y="0" width="0" height="0" xoffset="9" yoffset="9" xadvance="34" page="0" chnl="15"/>
  </chars>
</font>